[
    {
        "ANOMES_STATUS":"202401",
        "Bg":15.0,
        "Ex":83.1254545455,
        "Jr":25.0,
        "Pr":55.9725,
        "Sr":71.6512857143
    },
    {
        "ANOMES_STATUS":"202402",
        "Bg":13.64,
        "Ex":81.82,
        "Jr":22.73,
        "Pr":46.4772463768,
        "Sr":60.9901347118
    },
    {
        "ANOMES_STATUS":"202403",
        "Bg":13.64,
        "Ex":77.5275,
        "Jr":22.73,
        "Pr":50.8467216117,
        "Sr":64.9105462963
    }
]