[
    {
        "CHAMADO":"TASK105682491-1",
        "DT_ABERTURA_CHAMADO":"2024-02-20 13:43:28",
        "TIPO_CHAMADO":"Manuten\u00e7\u00e3o",
        "MODULO_CHAMADO":"Compras",
        "COMPLEXIDADE":"N1",
        "IS":"DDAS",
        "ANOMES_ABERTURA":"202402"
    },
    {
        "CHAMADO":"TASK105479055-1",
        "DT_ABERTURA_CHAMADO":"2023-08-10 14:16:03",
        "TIPO_CHAMADO":"Manuten\u00e7\u00e3o",
        "MODULO_CHAMADO":"Compras",
        "COMPLEXIDADE":"N1",
        "IS":"JMAP3",
        "ANOMES_ABERTURA":"202308"
    },
    {
        "CHAMADO":"TASK105632804-1",
        "DT_ABERTURA_CHAMADO":"2023-12-28 14:06:55",
        "TIPO_CHAMADO":"Manuten\u00e7\u00e3o",
        "MODULO_CHAMADO":"Compras",
        "COMPLEXIDADE":"N1",
        "IS":"RKEN",
        "ANOMES_ABERTURA":"202312"
    },
    {
        "CHAMADO":"TASK105354270-1",
        "DT_ABERTURA_CHAMADO":"2023-04-20 16:03:48",
        "TIPO_CHAMADO":"Manuten\u00e7\u00e3o",
        "MODULO_CHAMADO":"Compras",
        "COMPLEXIDADE":"N1",
        "IS":"DDAS",
        "ANOMES_ABERTURA":"202304"
    },
    {
        "CHAMADO":"TASK105506344-1",
        "DT_ABERTURA_CHAMADO":"2023-08-30 07:34:31",
        "TIPO_CHAMADO":"Manuten\u00e7\u00e3o",
        "MODULO_CHAMADO":"Compras",
        "COMPLEXIDADE":"N1",
        "IS":"JDEF",
        "ANOMES_ABERTURA":"202308"
    },
    {
        "CHAMADO":"TASK105637821-1",
        "DT_ABERTURA_CHAMADO":"2024-01-08 08:18:10",
        "TIPO_CHAMADO":"Manuten\u00e7\u00e3o",
        "MODULO_CHAMADO":"Dev",
        "COMPLEXIDADE":"N1",
        "IS":"IFGO",
        "ANOMES_ABERTURA":"202401"
    },
    {
        "CHAMADO":"TASK105528629-1",
        "DT_ABERTURA_CHAMADO":"2023-09-22 14:29:43",
        "TIPO_CHAMADO":"Manuten\u00e7\u00e3o",
        "MODULO_CHAMADO":"Dev",
        "COMPLEXIDADE":"N1",
        "IS":"T3TDAS",
        "ANOMES_ABERTURA":"202309"
    },
    {
        "CHAMADO":"TASK105668774-1",
        "DT_ABERTURA_CHAMADO":"2024-02-07 10:12:03",
        "TIPO_CHAMADO":"Manuten\u00e7\u00e3o",
        "MODULO_CHAMADO":"Financeiro",
        "COMPLEXIDADE":"N1",
        "IS":"MTTA",
        "ANOMES_ABERTURA":"202402"
    },
    {
        "CHAMADO":"TASK105647498-1",
        "DT_ABERTURA_CHAMADO":"2024-01-18 10:10:10",
        "TIPO_CHAMADO":"Manuten\u00e7\u00e3o",
        "MODULO_CHAMADO":"Financeiro",
        "COMPLEXIDADE":"N2",
        "IS":"GUSB",
        "ANOMES_ABERTURA":"202401"
    },
    {
        "CHAMADO":"TASK105660660-1",
        "DT_ABERTURA_CHAMADO":"2024-01-30 05:20:57",
        "TIPO_CHAMADO":"Manuten\u00e7\u00e3o",
        "MODULO_CHAMADO":"Financeiro",
        "COMPLEXIDADE":"N2",
        "IS":"CRSI",
        "ANOMES_ABERTURA":"202401"
    },
    {
        "CHAMADO":"TASK105680506-1",
        "DT_ABERTURA_CHAMADO":"2024-02-19 08:06:35",
        "TIPO_CHAMADO":"Manuten\u00e7\u00e3o",
        "MODULO_CHAMADO":"Financeiro",
        "COMPLEXIDADE":"N2",
        "IS":"T3ASC4",
        "ANOMES_ABERTURA":"202402"
    },
    {
        "CHAMADO":"TASK105635226-1",
        "DT_ABERTURA_CHAMADO":"2024-01-03 08:04:08",
        "TIPO_CHAMADO":"Manuten\u00e7\u00e3o",
        "MODULO_CHAMADO":"Financeiro",
        "COMPLEXIDADE":"N1",
        "IS":"EDSR",
        "ANOMES_ABERTURA":"202401"
    },
    {
        "CHAMADO":"TASK105642582-1",
        "DT_ABERTURA_CHAMADO":"2024-01-12 11:34:36",
        "TIPO_CHAMADO":"Manuten\u00e7\u00e3o",
        "MODULO_CHAMADO":"Financeiro",
        "COMPLEXIDADE":"N1",
        "IS":"RRLV",
        "ANOMES_ABERTURA":"202401"
    },
    {
        "CHAMADO":"TASK105582659-1",
        "DT_ABERTURA_CHAMADO":"2023-11-13 13:19:02",
        "TIPO_CHAMADO":"Manuten\u00e7\u00e3o",
        "MODULO_CHAMADO":"Financeiro",
        "COMPLEXIDADE":"N1",
        "IS":"RDRB",
        "ANOMES_ABERTURA":"202311"
    },
    {
        "CHAMADO":"TASK105643965-1",
        "DT_ABERTURA_CHAMADO":"2024-01-15 08:59:04",
        "TIPO_CHAMADO":"Manuten\u00e7\u00e3o",
        "MODULO_CHAMADO":"Financeiro",
        "COMPLEXIDADE":"N1",
        "IS":"GROD1",
        "ANOMES_ABERTURA":"202401"
    },
    {
        "CHAMADO":"TASK105480778-1",
        "DT_ABERTURA_CHAMADO":"2023-08-11 12:17:26",
        "TIPO_CHAMADO":"Manuten\u00e7\u00e3o",
        "MODULO_CHAMADO":"Financeiro",
        "COMPLEXIDADE":"N1",
        "IS":"MDSC",
        "ANOMES_ABERTURA":"202308"
    },
    {
        "CHAMADO":"TASK105596963-1",
        "DT_ABERTURA_CHAMADO":"2023-11-24 15:00:56",
        "TIPO_CHAMADO":"Manuten\u00e7\u00e3o",
        "MODULO_CHAMADO":"Produ\u00e7\u00e3o",
        "COMPLEXIDADE":"N3",
        "IS":"GLO",
        "ANOMES_ABERTURA":"202311"
    },
    {
        "CHAMADO":"TASK105548512-1",
        "DT_ABERTURA_CHAMADO":"2023-10-11 12:40:30",
        "TIPO_CHAMADO":"Manuten\u00e7\u00e3o",
        "MODULO_CHAMADO":"Qualidade",
        "COMPLEXIDADE":"N1",
        "IS":"CTT",
        "ANOMES_ABERTURA":"202310"
    },
    {
        "CHAMADO":"TASK105714282-1",
        "DT_ABERTURA_CHAMADO":"2024-03-19 13:55:39",
        "TIPO_CHAMADO":"Manuten\u00e7\u00e3o",
        "MODULO_CHAMADO":"Vendas",
        "COMPLEXIDADE":"N2",
        "IS":"PFRN1",
        "ANOMES_ABERTURA":"202403"
    },
    {
        "CHAMADO":"TASK105545806-1",
        "DT_ABERTURA_CHAMADO":"2023-10-09 07:19:35",
        "TIPO_CHAMADO":"Manuten\u00e7\u00e3o",
        "MODULO_CHAMADO":"Vendas",
        "COMPLEXIDADE":"N1",
        "IS":"PMSN",
        "ANOMES_ABERTURA":"202310"
    },
    {
        "CHAMADO":"TASK105571064-1",
        "DT_ABERTURA_CHAMADO":"2023-11-03 12:51:12",
        "TIPO_CHAMADO":"Manuten\u00e7\u00e3o",
        "MODULO_CHAMADO":"Vendas",
        "COMPLEXIDADE":"N1",
        "IS":"JVF",
        "ANOMES_ABERTURA":"202311"
    },
    {
        "CHAMADO":"TASK105670222-1",
        "DT_ABERTURA_CHAMADO":"2024-02-08 12:04:06",
        "TIPO_CHAMADO":"Melhoria",
        "MODULO_CHAMADO":"Compras",
        "COMPLEXIDADE":"N3",
        "IS":"RBR1",
        "ANOMES_ABERTURA":"202402"
    },
    {
        "CHAMADO":"TASK105462839-1",
        "DT_ABERTURA_CHAMADO":"2023-07-26 06:07:33",
        "TIPO_CHAMADO":"Melhoria",
        "MODULO_CHAMADO":"Compras",
        "COMPLEXIDADE":"N3",
        "IS":"LGOM2",
        "ANOMES_ABERTURA":"202307"
    },
    {
        "CHAMADO":"TASK105643964-1",
        "DT_ABERTURA_CHAMADO":"2024-01-15 08:53:36",
        "TIPO_CHAMADO":"Melhoria",
        "MODULO_CHAMADO":"Compras",
        "COMPLEXIDADE":"N3",
        "IS":"RBR1",
        "ANOMES_ABERTURA":"202401"
    },
    {
        "CHAMADO":"TASK105721218-1",
        "DT_ABERTURA_CHAMADO":"2024-03-25 11:29:08",
        "TIPO_CHAMADO":"Melhoria",
        "MODULO_CHAMADO":"Financeiro",
        "COMPLEXIDADE":"N3",
        "IS":"RDRB",
        "ANOMES_ABERTURA":"202403"
    },
    {
        "CHAMADO":"TASK105682334-1",
        "DT_ABERTURA_CHAMADO":"2024-02-20 11:24:50",
        "TIPO_CHAMADO":"Melhoria",
        "MODULO_CHAMADO":"Financeiro",
        "COMPLEXIDADE":"N3",
        "IS":"ASGN",
        "ANOMES_ABERTURA":"202402"
    },
    {
        "CHAMADO":"TASK105715008-1",
        "DT_ABERTURA_CHAMADO":"2024-03-20 08:39:06",
        "TIPO_CHAMADO":"Melhoria",
        "MODULO_CHAMADO":"Financeiro",
        "COMPLEXIDADE":"N3",
        "IS":"GUSB",
        "ANOMES_ABERTURA":"202403"
    },
    {
        "CHAMADO":"TASK105698716-1",
        "DT_ABERTURA_CHAMADO":"2024-03-06 13:38:11",
        "TIPO_CHAMADO":"Melhoria",
        "MODULO_CHAMADO":"Financeiro",
        "COMPLEXIDADE":"N3",
        "IS":"ASGN",
        "ANOMES_ABERTURA":"202403"
    },
    {
        "CHAMADO":"TASK105632308-1",
        "DT_ABERTURA_CHAMADO":"2023-12-27 10:27:30",
        "TIPO_CHAMADO":"Melhoria",
        "MODULO_CHAMADO":"Financeiro",
        "COMPLEXIDADE":"N3",
        "IS":"MAPC5",
        "ANOMES_ABERTURA":"202312"
    },
    {
        "CHAMADO":"TASK105465981-1",
        "DT_ABERTURA_CHAMADO":"2023-07-27 12:00:36",
        "TIPO_CHAMADO":"Melhoria",
        "MODULO_CHAMADO":"Fluxo Aprova\u00e7\u00e3o",
        "COMPLEXIDADE":"N3",
        "IS":"MAPC5",
        "ANOMES_ABERTURA":"202307"
    },
    {
        "CHAMADO":"TASK105568628-1",
        "DT_ABERTURA_CHAMADO":"2023-10-31 13:02:22",
        "TIPO_CHAMADO":"Melhoria",
        "MODULO_CHAMADO":"Produ\u00e7\u00e3o",
        "COMPLEXIDADE":"N3",
        "IS":"T3LSC2",
        "ANOMES_ABERTURA":"202310"
    },
    {
        "CHAMADO":"TASK105593909-1",
        "DT_ABERTURA_CHAMADO":"2023-11-22 10:12:49",
        "TIPO_CHAMADO":"Melhoria",
        "MODULO_CHAMADO":"Produ\u00e7\u00e3o",
        "COMPLEXIDADE":"N3",
        "IS":"GLO",
        "ANOMES_ABERTURA":"202311"
    },
    {
        "CHAMADO":"TASK105610814-1",
        "DT_ABERTURA_CHAMADO":"2023-12-06 11:47:33",
        "TIPO_CHAMADO":"Melhoria",
        "MODULO_CHAMADO":"Qualidade",
        "COMPLEXIDADE":"N3",
        "IS":"T3MSQ1",
        "ANOMES_ABERTURA":"202312"
    },
    {
        "CHAMADO":"TASK105657531-1",
        "DT_ABERTURA_CHAMADO":"2024-01-26 12:01:52",
        "TIPO_CHAMADO":"Melhoria",
        "MODULO_CHAMADO":"Vendas",
        "COMPLEXIDADE":"N3",
        "IS":"LFRO1",
        "ANOMES_ABERTURA":"202401"
    },
    {
        "CHAMADO":"TASK105634349-1",
        "DT_ABERTURA_CHAMADO":"2024-01-02 05:33:25",
        "TIPO_CHAMADO":"Melhoria",
        "MODULO_CHAMADO":"Vendas",
        "COMPLEXIDADE":"N3",
        "IS":"ARDA2",
        "ANOMES_ABERTURA":"202401"
    },
    {
        "CHAMADO":"TASK105434108-1",
        "DT_ABERTURA_CHAMADO":"2023-06-29 12:33:55",
        "TIPO_CHAMADO":"Melhoria",
        "MODULO_CHAMADO":"Vendas",
        "COMPLEXIDADE":"N3",
        "IS":"SMMT",
        "ANOMES_ABERTURA":"202306"
    },
    {
        "CHAMADO":"TASK105487477-1",
        "DT_ABERTURA_CHAMADO":"2023-08-17 15:42:53",
        "TIPO_CHAMADO":"Melhoria",
        "MODULO_CHAMADO":"Vendas",
        "COMPLEXIDADE":"N3",
        "IS":"PFRN1",
        "ANOMES_ABERTURA":"202308"
    },
    {
        "CHAMADO":"TASK105572457-1",
        "DT_ABERTURA_CHAMADO":"2023-11-06 10:41:49",
        "TIPO_CHAMADO":"Melhoria",
        "MODULO_CHAMADO":"Vendas",
        "COMPLEXIDADE":"N3",
        "IS":"LAS",
        "ANOMES_ABERTURA":"202311"
    },
    {
        "CHAMADO":"TASK105634350-1",
        "DT_ABERTURA_CHAMADO":"2024-01-02 06:00:18",
        "TIPO_CHAMADO":"Perfis",
        "MODULO_CHAMADO":"Infra",
        "COMPLEXIDADE":"N1",
        "IS":"GRIA",
        "ANOMES_ABERTURA":"202401"
    },
    {
        "CHAMADO":"TASK105634846-1",
        "DT_ABERTURA_CHAMADO":"2024-01-02 12:31:25",
        "TIPO_CHAMADO":"Perfis",
        "MODULO_CHAMADO":"Infra",
        "COMPLEXIDADE":"N1",
        "IS":"FANT",
        "ANOMES_ABERTURA":"202401"
    },
    {
        "CHAMADO":"TASK105667402-1",
        "DT_ABERTURA_CHAMADO":"2024-02-06 09:21:03",
        "TIPO_CHAMADO":"Perfis",
        "MODULO_CHAMADO":"Infra",
        "COMPLEXIDADE":"N1",
        "IS":"WJMS",
        "ANOMES_ABERTURA":"202402"
    },
    {
        "CHAMADO":"TASK105701355-1",
        "DT_ABERTURA_CHAMADO":"2024-03-11 07:51:09",
        "TIPO_CHAMADO":"Perfis",
        "MODULO_CHAMADO":"Infra",
        "COMPLEXIDADE":"N1",
        "IS":"WJMS",
        "ANOMES_ABERTURA":"202403"
    },
    {
        "CHAMADO":"TASK105664554-1",
        "DT_ABERTURA_CHAMADO":"2024-02-01 13:23:15",
        "TIPO_CHAMADO":"Perfis",
        "MODULO_CHAMADO":"Infra",
        "COMPLEXIDADE":"N1",
        "IS":"MIDS",
        "ANOMES_ABERTURA":"202402"
    },
    {
        "CHAMADO":"TASK105667011-1",
        "DT_ABERTURA_CHAMADO":"2024-02-05 13:45:40",
        "TIPO_CHAMADO":"Perfis",
        "MODULO_CHAMADO":"Infra",
        "COMPLEXIDADE":"N1",
        "IS":"GRIA",
        "ANOMES_ABERTURA":"202402"
    },
    {
        "CHAMADO":"TASK105678783-1",
        "DT_ABERTURA_CHAMADO":"2024-02-16 12:38:12",
        "TIPO_CHAMADO":"Perfis",
        "MODULO_CHAMADO":"Infra",
        "COMPLEXIDADE":"N1",
        "IS":"FANT",
        "ANOMES_ABERTURA":"202402"
    },
    {
        "CHAMADO":"TASK105678784-1",
        "DT_ABERTURA_CHAMADO":"2024-02-16 12:42:58",
        "TIPO_CHAMADO":"Perfis",
        "MODULO_CHAMADO":"Infra",
        "COMPLEXIDADE":"N1",
        "IS":"WJMS",
        "ANOMES_ABERTURA":"202402"
    },
    {
        "CHAMADO":"TASK105695171-1",
        "DT_ABERTURA_CHAMADO":"2024-03-01 14:12:02",
        "TIPO_CHAMADO":"Perfis",
        "MODULO_CHAMADO":"Infra",
        "COMPLEXIDADE":"N1",
        "IS":"ESCM",
        "ANOMES_ABERTURA":"202403"
    },
    {
        "CHAMADO":"TASK105695721-1",
        "DT_ABERTURA_CHAMADO":"2024-03-04 07:08:04",
        "TIPO_CHAMADO":"Perfis",
        "MODULO_CHAMADO":"Infra",
        "COMPLEXIDADE":"N1",
        "IS":"MGRK",
        "ANOMES_ABERTURA":"202403"
    },
    {
        "CHAMADO":"TASK105699882-1",
        "DT_ABERTURA_CHAMADO":"2024-03-08 07:19:46",
        "TIPO_CHAMADO":"Perfis",
        "MODULO_CHAMADO":"Infra",
        "COMPLEXIDADE":"N1",
        "IS":"JOJC",
        "ANOMES_ABERTURA":"202403"
    },
    {
        "CHAMADO":"TASK105701329-1",
        "DT_ABERTURA_CHAMADO":"2024-03-11 06:47:12",
        "TIPO_CHAMADO":"Perfis",
        "MODULO_CHAMADO":"Infra",
        "COMPLEXIDADE":"N1",
        "IS":"MIDS",
        "ANOMES_ABERTURA":"202403"
    },
    {
        "CHAMADO":"TASK105713384-1",
        "DT_ABERTURA_CHAMADO":"2024-03-19 05:57:32",
        "TIPO_CHAMADO":"Perfis",
        "MODULO_CHAMADO":"Infra",
        "COMPLEXIDADE":"N1",
        "IS":"FANT",
        "ANOMES_ABERTURA":"202403"
    },
    {
        "CHAMADO":"TASK105713389-1",
        "DT_ABERTURA_CHAMADO":"2024-03-19 07:47:17",
        "TIPO_CHAMADO":"Perfis",
        "MODULO_CHAMADO":"Infra",
        "COMPLEXIDADE":"N1",
        "IS":"WJMS",
        "ANOMES_ABERTURA":"202403"
    },
    {
        "CHAMADO":"TASK105716505-1",
        "DT_ABERTURA_CHAMADO":"2024-03-21 08:00:51",
        "TIPO_CHAMADO":"Perfis",
        "MODULO_CHAMADO":"Infra",
        "COMPLEXIDADE":"N1",
        "IS":"ESCM",
        "ANOMES_ABERTURA":"202403"
    },
    {
        "CHAMADO":"TASK105719110-1",
        "DT_ABERTURA_CHAMADO":"2024-03-22 13:55:32",
        "TIPO_CHAMADO":"Perfis",
        "MODULO_CHAMADO":"Infra",
        "COMPLEXIDADE":"N1",
        "IS":"MGRK",
        "ANOMES_ABERTURA":"202403"
    },
    {
        "CHAMADO":"TASK105720677-1",
        "DT_ABERTURA_CHAMADO":"2024-03-25 10:55:38",
        "TIPO_CHAMADO":"Perfis",
        "MODULO_CHAMADO":"Infra",
        "COMPLEXIDADE":"N1",
        "IS":"JOJC",
        "ANOMES_ABERTURA":"202403"
    },
    {
        "CHAMADO":"TASK105721229-1",
        "DT_ABERTURA_CHAMADO":"2024-03-25 12:03:31",
        "TIPO_CHAMADO":"Perfis",
        "MODULO_CHAMADO":"Infra",
        "COMPLEXIDADE":"N1",
        "IS":"MIDS",
        "ANOMES_ABERTURA":"202403"
    },
    {
        "CHAMADO":"TASK105722712-1",
        "DT_ABERTURA_CHAMADO":"2024-03-27 09:45:48",
        "TIPO_CHAMADO":"Perfis",
        "MODULO_CHAMADO":"Infra",
        "COMPLEXIDADE":"N1",
        "IS":"GRIA",
        "ANOMES_ABERTURA":"202403"
    },
    {
        "CHAMADO":"TASK105723070-1",
        "DT_ABERTURA_CHAMADO":"2024-03-27 14:03:04",
        "TIPO_CHAMADO":"Perfis",
        "MODULO_CHAMADO":"Infra",
        "COMPLEXIDADE":"N1",
        "IS":"FANT",
        "ANOMES_ABERTURA":"202403"
    },
    {
        "CHAMADO":"TASK105723072-1",
        "DT_ABERTURA_CHAMADO":"2024-03-27 14:09:47",
        "TIPO_CHAMADO":"Perfis",
        "MODULO_CHAMADO":"Infra",
        "COMPLEXIDADE":"N1",
        "IS":"WJMS",
        "ANOMES_ABERTURA":"202403"
    },
    {
        "CHAMADO":"TASK105723074-1",
        "DT_ABERTURA_CHAMADO":"2024-03-27 14:21:12",
        "TIPO_CHAMADO":"Perfis",
        "MODULO_CHAMADO":"Infra",
        "COMPLEXIDADE":"N1",
        "IS":"ESCM",
        "ANOMES_ABERTURA":"202403"
    },
    {
        "CHAMADO":"TASK105636757-1",
        "DT_ABERTURA_CHAMADO":"2024-01-05 08:30:05",
        "TIPO_CHAMADO":"Perfis",
        "MODULO_CHAMADO":"Infra",
        "COMPLEXIDADE":"N1",
        "IS":"MGRK",
        "ANOMES_ABERTURA":"202401"
    },
    {
        "CHAMADO":"TASK105637066-1",
        "DT_ABERTURA_CHAMADO":"2024-01-05 13:35:11",
        "TIPO_CHAMADO":"Perfis",
        "MODULO_CHAMADO":"Infra",
        "COMPLEXIDADE":"N1",
        "IS":"JOJC",
        "ANOMES_ABERTURA":"202401"
    },
    {
        "CHAMADO":"TASK105637815-1",
        "DT_ABERTURA_CHAMADO":"2024-01-08 07:40:49",
        "TIPO_CHAMADO":"Perfis",
        "MODULO_CHAMADO":"Infra",
        "COMPLEXIDADE":"N1",
        "IS":"MIDS",
        "ANOMES_ABERTURA":"202401"
    },
    {
        "CHAMADO":"TASK105637893-1",
        "DT_ABERTURA_CHAMADO":"2024-01-08 09:08:43",
        "TIPO_CHAMADO":"Perfis",
        "MODULO_CHAMADO":"Infra",
        "COMPLEXIDADE":"N1",
        "IS":"GRIA",
        "ANOMES_ABERTURA":"202401"
    },
    {
        "CHAMADO":"TASK105638237-1",
        "DT_ABERTURA_CHAMADO":"2024-01-08 10:54:31",
        "TIPO_CHAMADO":"Perfis",
        "MODULO_CHAMADO":"Infra",
        "COMPLEXIDADE":"N1",
        "IS":"FANT",
        "ANOMES_ABERTURA":"202401"
    },
    {
        "CHAMADO":"TASK105638589-1",
        "DT_ABERTURA_CHAMADO":"2024-01-08 12:54:02",
        "TIPO_CHAMADO":"Perfis",
        "MODULO_CHAMADO":"Infra",
        "COMPLEXIDADE":"N1",
        "IS":"WJMS",
        "ANOMES_ABERTURA":"202401"
    },
    {
        "CHAMADO":"TASK105639279-1",
        "DT_ABERTURA_CHAMADO":"2024-01-09 05:21:15",
        "TIPO_CHAMADO":"Perfis",
        "MODULO_CHAMADO":"Infra",
        "COMPLEXIDADE":"N1",
        "IS":"ESCM",
        "ANOMES_ABERTURA":"202401"
    },
    {
        "CHAMADO":"TASK105639280-1",
        "DT_ABERTURA_CHAMADO":"2024-01-09 05:26:45",
        "TIPO_CHAMADO":"Perfis",
        "MODULO_CHAMADO":"Infra",
        "COMPLEXIDADE":"N1",
        "IS":"MGRK",
        "ANOMES_ABERTURA":"202401"
    },
    {
        "CHAMADO":"TASK105639282-1",
        "DT_ABERTURA_CHAMADO":"2024-01-09 06:05:21",
        "TIPO_CHAMADO":"Perfis",
        "MODULO_CHAMADO":"Infra",
        "COMPLEXIDADE":"N1",
        "IS":"JOJC",
        "ANOMES_ABERTURA":"202401"
    },
    {
        "CHAMADO":"TASK105639720-1",
        "DT_ABERTURA_CHAMADO":"2024-01-09 13:18:20",
        "TIPO_CHAMADO":"Perfis",
        "MODULO_CHAMADO":"Infra",
        "COMPLEXIDADE":"N1",
        "IS":"MIDS",
        "ANOMES_ABERTURA":"202401"
    },
    {
        "CHAMADO":"TASK105639723-1",
        "DT_ABERTURA_CHAMADO":"2024-01-09 13:40:37",
        "TIPO_CHAMADO":"Perfis",
        "MODULO_CHAMADO":"Infra",
        "COMPLEXIDADE":"N1",
        "IS":"GRIA",
        "ANOMES_ABERTURA":"202401"
    },
    {
        "CHAMADO":"TASK105640093-1",
        "DT_ABERTURA_CHAMADO":"2024-01-10 07:49:11",
        "TIPO_CHAMADO":"Perfis",
        "MODULO_CHAMADO":"Infra",
        "COMPLEXIDADE":"N1",
        "IS":"FANT",
        "ANOMES_ABERTURA":"202401"
    },
    {
        "CHAMADO":"TASK105640388-1",
        "DT_ABERTURA_CHAMADO":"2024-01-10 10:55:53",
        "TIPO_CHAMADO":"Perfis",
        "MODULO_CHAMADO":"Infra",
        "COMPLEXIDADE":"N1",
        "IS":"WJMS",
        "ANOMES_ABERTURA":"202401"
    },
    {
        "CHAMADO":"TASK105641067-1",
        "DT_ABERTURA_CHAMADO":"2024-01-11 09:03:15",
        "TIPO_CHAMADO":"Perfis",
        "MODULO_CHAMADO":"Infra",
        "COMPLEXIDADE":"N1",
        "IS":"ESCM",
        "ANOMES_ABERTURA":"202401"
    },
    {
        "CHAMADO":"TASK105641132-1",
        "DT_ABERTURA_CHAMADO":"2024-01-11 10:15:17",
        "TIPO_CHAMADO":"Perfis",
        "MODULO_CHAMADO":"Infra",
        "COMPLEXIDADE":"N1",
        "IS":"MGRK",
        "ANOMES_ABERTURA":"202401"
    },
    {
        "CHAMADO":"TASK105642063-1",
        "DT_ABERTURA_CHAMADO":"2024-01-12 05:23:12",
        "TIPO_CHAMADO":"Perfis",
        "MODULO_CHAMADO":"Infra",
        "COMPLEXIDADE":"N1",
        "IS":"JOJC",
        "ANOMES_ABERTURA":"202401"
    },
    {
        "CHAMADO":"TASK105642068-1",
        "DT_ABERTURA_CHAMADO":"2024-01-12 06:36:32",
        "TIPO_CHAMADO":"Perfis",
        "MODULO_CHAMADO":"Infra",
        "COMPLEXIDADE":"N1",
        "IS":"MIDS",
        "ANOMES_ABERTURA":"202401"
    },
    {
        "CHAMADO":"TASK105642576-1",
        "DT_ABERTURA_CHAMADO":"2024-01-12 10:57:57",
        "TIPO_CHAMADO":"Perfis",
        "MODULO_CHAMADO":"Infra",
        "COMPLEXIDADE":"N1",
        "IS":"GRIA",
        "ANOMES_ABERTURA":"202401"
    },
    {
        "CHAMADO":"TASK105642730-1",
        "DT_ABERTURA_CHAMADO":"2024-01-12 13:08:44",
        "TIPO_CHAMADO":"Perfis",
        "MODULO_CHAMADO":"Infra",
        "COMPLEXIDADE":"N1",
        "IS":"FANT",
        "ANOMES_ABERTURA":"202401"
    },
    {
        "CHAMADO":"TASK105643929-1",
        "DT_ABERTURA_CHAMADO":"2024-01-15 05:25:24",
        "TIPO_CHAMADO":"Perfis",
        "MODULO_CHAMADO":"Infra",
        "COMPLEXIDADE":"N1",
        "IS":"WJMS",
        "ANOMES_ABERTURA":"202401"
    },
    {
        "CHAMADO":"TASK105643932-1",
        "DT_ABERTURA_CHAMADO":"2024-01-15 06:25:08",
        "TIPO_CHAMADO":"Perfis",
        "MODULO_CHAMADO":"Infra",
        "COMPLEXIDADE":"N1",
        "IS":"ESCM",
        "ANOMES_ABERTURA":"202401"
    },
    {
        "CHAMADO":"TASK105643934-1",
        "DT_ABERTURA_CHAMADO":"2024-01-15 06:35:45",
        "TIPO_CHAMADO":"Perfis",
        "MODULO_CHAMADO":"Infra",
        "COMPLEXIDADE":"N1",
        "IS":"MGRK",
        "ANOMES_ABERTURA":"202401"
    },
    {
        "CHAMADO":"TASK105644391-1",
        "DT_ABERTURA_CHAMADO":"2024-01-15 11:37:11",
        "TIPO_CHAMADO":"Perfis",
        "MODULO_CHAMADO":"Infra",
        "COMPLEXIDADE":"N1",
        "IS":"JOJC",
        "ANOMES_ABERTURA":"202401"
    },
    {
        "CHAMADO":"TASK105645116-1",
        "DT_ABERTURA_CHAMADO":"2024-01-16 06:00:27",
        "TIPO_CHAMADO":"Perfis",
        "MODULO_CHAMADO":"Infra",
        "COMPLEXIDADE":"N1",
        "IS":"MIDS",
        "ANOMES_ABERTURA":"202401"
    },
    {
        "CHAMADO":"TASK105645124-1",
        "DT_ABERTURA_CHAMADO":"2024-01-16 07:05:15",
        "TIPO_CHAMADO":"Perfis",
        "MODULO_CHAMADO":"Infra",
        "COMPLEXIDADE":"N1",
        "IS":"GRIA",
        "ANOMES_ABERTURA":"202401"
    },
    {
        "CHAMADO":"TASK105645125-1",
        "DT_ABERTURA_CHAMADO":"2024-01-16 07:09:58",
        "TIPO_CHAMADO":"Perfis",
        "MODULO_CHAMADO":"Infra",
        "COMPLEXIDADE":"N1",
        "IS":"FANT",
        "ANOMES_ABERTURA":"202401"
    },
    {
        "CHAMADO":"TASK105645126-1",
        "DT_ABERTURA_CHAMADO":"2024-01-16 07:31:10",
        "TIPO_CHAMADO":"Perfis",
        "MODULO_CHAMADO":"Infra",
        "COMPLEXIDADE":"N1",
        "IS":"WJMS",
        "ANOMES_ABERTURA":"202401"
    },
    {
        "CHAMADO":"TASK105645234-1",
        "DT_ABERTURA_CHAMADO":"2024-01-16 10:04:30",
        "TIPO_CHAMADO":"Perfis",
        "MODULO_CHAMADO":"Infra",
        "COMPLEXIDADE":"N1",
        "IS":"ESCM",
        "ANOMES_ABERTURA":"202401"
    },
    {
        "CHAMADO":"TASK105645269-1",
        "DT_ABERTURA_CHAMADO":"2024-01-16 11:44:34",
        "TIPO_CHAMADO":"Perfis",
        "MODULO_CHAMADO":"Infra",
        "COMPLEXIDADE":"N1",
        "IS":"MGRK",
        "ANOMES_ABERTURA":"202401"
    },
    {
        "CHAMADO":"TASK105646296-1",
        "DT_ABERTURA_CHAMADO":"2024-01-17 07:08:57",
        "TIPO_CHAMADO":"Perfis",
        "MODULO_CHAMADO":"Infra",
        "COMPLEXIDADE":"N1",
        "IS":"JOJC",
        "ANOMES_ABERTURA":"202401"
    },
    {
        "CHAMADO":"TASK105646599-1",
        "DT_ABERTURA_CHAMADO":"2024-01-17 08:27:05",
        "TIPO_CHAMADO":"Perfis",
        "MODULO_CHAMADO":"Infra",
        "COMPLEXIDADE":"N1",
        "IS":"MIDS",
        "ANOMES_ABERTURA":"202401"
    },
    {
        "CHAMADO":"TASK105647378-1",
        "DT_ABERTURA_CHAMADO":"2024-01-18 06:33:25",
        "TIPO_CHAMADO":"Perfis",
        "MODULO_CHAMADO":"Infra",
        "COMPLEXIDADE":"N1",
        "IS":"GRIA",
        "ANOMES_ABERTURA":"202401"
    },
    {
        "CHAMADO":"TASK105647838-1",
        "DT_ABERTURA_CHAMADO":"2024-01-18 12:48:16",
        "TIPO_CHAMADO":"Perfis",
        "MODULO_CHAMADO":"Infra",
        "COMPLEXIDADE":"N1",
        "IS":"FANT",
        "ANOMES_ABERTURA":"202401"
    },
    {
        "CHAMADO":"TASK105652228-1",
        "DT_ABERTURA_CHAMADO":"2024-01-23 10:56:18",
        "TIPO_CHAMADO":"Perfis",
        "MODULO_CHAMADO":"Infra",
        "COMPLEXIDADE":"N1",
        "IS":"WJMS",
        "ANOMES_ABERTURA":"202401"
    },
    {
        "CHAMADO":"TASK105654031-1",
        "DT_ABERTURA_CHAMADO":"2024-01-24 13:12:10",
        "TIPO_CHAMADO":"Perfis",
        "MODULO_CHAMADO":"Infra",
        "COMPLEXIDADE":"N1",
        "IS":"ESCM",
        "ANOMES_ABERTURA":"202401"
    },
    {
        "CHAMADO":"TASK105654039-1",
        "DT_ABERTURA_CHAMADO":"2024-01-24 13:32:49",
        "TIPO_CHAMADO":"Perfis",
        "MODULO_CHAMADO":"Infra",
        "COMPLEXIDADE":"N1",
        "IS":"MGRK",
        "ANOMES_ABERTURA":"202401"
    },
    {
        "CHAMADO":"TASK105658957-1",
        "DT_ABERTURA_CHAMADO":"2024-01-29 06:54:31",
        "TIPO_CHAMADO":"Perfis",
        "MODULO_CHAMADO":"Infra",
        "COMPLEXIDADE":"N1",
        "IS":"JOJC",
        "ANOMES_ABERTURA":"202401"
    },
    {
        "CHAMADO":"TASK105664081-1",
        "DT_ABERTURA_CHAMADO":"2024-02-01 07:41:26",
        "TIPO_CHAMADO":"Perfis",
        "MODULO_CHAMADO":"Infra",
        "COMPLEXIDADE":"N1",
        "IS":"MIDS",
        "ANOMES_ABERTURA":"202402"
    },
    {
        "CHAMADO":"TASK105665749-1",
        "DT_ABERTURA_CHAMADO":"2024-02-02 10:47:41",
        "TIPO_CHAMADO":"Perfis",
        "MODULO_CHAMADO":"Infra",
        "COMPLEXIDADE":"N1",
        "IS":"GRIA",
        "ANOMES_ABERTURA":"202402"
    },
    {
        "CHAMADO":"TASK105666432-1",
        "DT_ABERTURA_CHAMADO":"2024-02-05 08:11:41",
        "TIPO_CHAMADO":"Perfis",
        "MODULO_CHAMADO":"Infra",
        "COMPLEXIDADE":"N1",
        "IS":"FANT",
        "ANOMES_ABERTURA":"202402"
    },
    {
        "CHAMADO":"TASK105667518-1",
        "DT_ABERTURA_CHAMADO":"2024-02-06 12:05:36",
        "TIPO_CHAMADO":"Perfis",
        "MODULO_CHAMADO":"Infra",
        "COMPLEXIDADE":"N1",
        "IS":"WJMS",
        "ANOMES_ABERTURA":"202402"
    },
    {
        "CHAMADO":"TASK105668036-1",
        "DT_ABERTURA_CHAMADO":"2024-02-06 12:36:52",
        "TIPO_CHAMADO":"Perfis",
        "MODULO_CHAMADO":"Infra",
        "COMPLEXIDADE":"N1",
        "IS":"ESCM",
        "ANOMES_ABERTURA":"202402"
    },
    {
        "CHAMADO":"TASK105670871-1",
        "DT_ABERTURA_CHAMADO":"2024-02-09 05:16:18",
        "TIPO_CHAMADO":"Perfis",
        "MODULO_CHAMADO":"Infra",
        "COMPLEXIDADE":"N1",
        "IS":"MGRK",
        "ANOMES_ABERTURA":"202402"
    },
    {
        "CHAMADO":"TASK105670875-1",
        "DT_ABERTURA_CHAMADO":"2024-02-09 06:42:13",
        "TIPO_CHAMADO":"Perfis",
        "MODULO_CHAMADO":"Infra",
        "COMPLEXIDADE":"N1",
        "IS":"JOJC",
        "ANOMES_ABERTURA":"202402"
    },
    {
        "CHAMADO":"TASK105676110-1",
        "DT_ABERTURA_CHAMADO":"2024-02-14 07:44:03",
        "TIPO_CHAMADO":"Perfis",
        "MODULO_CHAMADO":"Infra",
        "COMPLEXIDADE":"N1",
        "IS":"MIDS",
        "ANOMES_ABERTURA":"202402"
    },
    {
        "CHAMADO":"TASK105676111-1",
        "DT_ABERTURA_CHAMADO":"2024-02-14 08:03:47",
        "TIPO_CHAMADO":"Perfis",
        "MODULO_CHAMADO":"Infra",
        "COMPLEXIDADE":"N1",
        "IS":"GRIA",
        "ANOMES_ABERTURA":"202402"
    },
    {
        "CHAMADO":"TASK105676113-1",
        "DT_ABERTURA_CHAMADO":"2024-02-14 08:37:24",
        "TIPO_CHAMADO":"Perfis",
        "MODULO_CHAMADO":"Infra",
        "COMPLEXIDADE":"N1",
        "IS":"FANT",
        "ANOMES_ABERTURA":"202402"
    },
    {
        "CHAMADO":"TASK105677101-1",
        "DT_ABERTURA_CHAMADO":"2024-02-15 10:24:41",
        "TIPO_CHAMADO":"Perfis",
        "MODULO_CHAMADO":"Infra",
        "COMPLEXIDADE":"N1",
        "IS":"WJMS",
        "ANOMES_ABERTURA":"202402"
    },
    {
        "CHAMADO":"TASK105678762-1",
        "DT_ABERTURA_CHAMADO":"2024-02-16 12:55:32",
        "TIPO_CHAMADO":"Perfis",
        "MODULO_CHAMADO":"Infra",
        "COMPLEXIDADE":"N1",
        "IS":"JOJC",
        "ANOMES_ABERTURA":"202402"
    },
    {
        "CHAMADO":"TASK105692845-1",
        "DT_ABERTURA_CHAMADO":"2024-02-28 05:23:06",
        "TIPO_CHAMADO":"Perfis",
        "MODULO_CHAMADO":"Infra",
        "COMPLEXIDADE":"N1",
        "IS":"GRIA",
        "ANOMES_ABERTURA":"202402"
    },
    {
        "CHAMADO":"TASK105692851-1",
        "DT_ABERTURA_CHAMADO":"2024-02-28 08:11:00",
        "TIPO_CHAMADO":"Perfis",
        "MODULO_CHAMADO":"Infra",
        "COMPLEXIDADE":"N1",
        "IS":"FANT",
        "ANOMES_ABERTURA":"202402"
    },
    {
        "CHAMADO":"TASK105693007-1",
        "DT_ABERTURA_CHAMADO":"2024-02-28 08:54:53",
        "TIPO_CHAMADO":"Perfis",
        "MODULO_CHAMADO":"Infra",
        "COMPLEXIDADE":"N1",
        "IS":"WJMS",
        "ANOMES_ABERTURA":"202402"
    },
    {
        "CHAMADO":"TASK105693548-1",
        "DT_ABERTURA_CHAMADO":"2024-02-29 06:23:06",
        "TIPO_CHAMADO":"Perfis",
        "MODULO_CHAMADO":"Infra",
        "COMPLEXIDADE":"N1",
        "IS":"ESCM",
        "ANOMES_ABERTURA":"202402"
    },
    {
        "CHAMADO":"TASK105694408-1",
        "DT_ABERTURA_CHAMADO":"2024-03-01 08:27:41",
        "TIPO_CHAMADO":"Perfis",
        "MODULO_CHAMADO":"Infra",
        "COMPLEXIDADE":"N1",
        "IS":"MGRK",
        "ANOMES_ABERTURA":"202403"
    },
    {
        "CHAMADO":"TASK105697145-1",
        "DT_ABERTURA_CHAMADO":"2024-03-05 08:48:34",
        "TIPO_CHAMADO":"Perfis",
        "MODULO_CHAMADO":"Infra",
        "COMPLEXIDADE":"N1",
        "IS":"JOJC",
        "ANOMES_ABERTURA":"202403"
    },
    {
        "CHAMADO":"TASK105697344-1",
        "DT_ABERTURA_CHAMADO":"2024-03-05 11:16:59",
        "TIPO_CHAMADO":"Perfis",
        "MODULO_CHAMADO":"Infra",
        "COMPLEXIDADE":"N1",
        "IS":"MIDS",
        "ANOMES_ABERTURA":"202403"
    },
    {
        "CHAMADO":"TASK105697520-1",
        "DT_ABERTURA_CHAMADO":"2024-03-05 12:08:08",
        "TIPO_CHAMADO":"Perfis",
        "MODULO_CHAMADO":"Infra",
        "COMPLEXIDADE":"N1",
        "IS":"GRIA",
        "ANOMES_ABERTURA":"202403"
    },
    {
        "CHAMADO":"TASK105699869-1",
        "DT_ABERTURA_CHAMADO":"2024-03-08 08:34:21",
        "TIPO_CHAMADO":"Perfis",
        "MODULO_CHAMADO":"Infra",
        "COMPLEXIDADE":"N1",
        "IS":"FANT",
        "ANOMES_ABERTURA":"202403"
    },
    {
        "CHAMADO":"TASK105700454-1",
        "DT_ABERTURA_CHAMADO":"2024-03-08 13:54:29",
        "TIPO_CHAMADO":"Perfis",
        "MODULO_CHAMADO":"Infra",
        "COMPLEXIDADE":"N1",
        "IS":"WJMS",
        "ANOMES_ABERTURA":"202403"
    },
    {
        "CHAMADO":"TASK105702384-1",
        "DT_ABERTURA_CHAMADO":"2024-03-11 12:44:26",
        "TIPO_CHAMADO":"Perfis",
        "MODULO_CHAMADO":"Infra",
        "COMPLEXIDADE":"N1",
        "IS":"ESCM",
        "ANOMES_ABERTURA":"202403"
    },
    {
        "CHAMADO":"TASK105702385-1",
        "DT_ABERTURA_CHAMADO":"2024-03-11 12:47:25",
        "TIPO_CHAMADO":"Perfis",
        "MODULO_CHAMADO":"Infra",
        "COMPLEXIDADE":"N1",
        "IS":"MGRK",
        "ANOMES_ABERTURA":"202403"
    },
    {
        "CHAMADO":"TASK105704433-1",
        "DT_ABERTURA_CHAMADO":"2024-03-12 08:05:33",
        "TIPO_CHAMADO":"Perfis",
        "MODULO_CHAMADO":"Infra",
        "COMPLEXIDADE":"N1",
        "IS":"JOJC",
        "ANOMES_ABERTURA":"202403"
    },
    {
        "CHAMADO":"TASK105704434-1",
        "DT_ABERTURA_CHAMADO":"2024-03-12 08:08:27",
        "TIPO_CHAMADO":"Perfis",
        "MODULO_CHAMADO":"Infra",
        "COMPLEXIDADE":"N1",
        "IS":"MIDS",
        "ANOMES_ABERTURA":"202403"
    },
    {
        "CHAMADO":"TASK105705022-1",
        "DT_ABERTURA_CHAMADO":"2024-03-12 10:41:01",
        "TIPO_CHAMADO":"Perfis",
        "MODULO_CHAMADO":"Infra",
        "COMPLEXIDADE":"N1",
        "IS":"GRIA",
        "ANOMES_ABERTURA":"202403"
    },
    {
        "CHAMADO":"TASK105708321-1",
        "DT_ABERTURA_CHAMADO":"2024-03-13 06:58:32",
        "TIPO_CHAMADO":"Perfis",
        "MODULO_CHAMADO":"Infra",
        "COMPLEXIDADE":"N1",
        "IS":"FANT",
        "ANOMES_ABERTURA":"202403"
    },
    {
        "CHAMADO":"TASK105708337-1",
        "DT_ABERTURA_CHAMADO":"2024-03-13 08:58:47",
        "TIPO_CHAMADO":"Perfis",
        "MODULO_CHAMADO":"Infra",
        "COMPLEXIDADE":"N1",
        "IS":"WJMS",
        "ANOMES_ABERTURA":"202403"
    },
    {
        "CHAMADO":"TASK105710000-1",
        "DT_ABERTURA_CHAMADO":"2024-03-14 05:16:52",
        "TIPO_CHAMADO":"Perfis",
        "MODULO_CHAMADO":"Infra",
        "COMPLEXIDADE":"N1",
        "IS":"ESCM",
        "ANOMES_ABERTURA":"202403"
    },
    {
        "CHAMADO":"TASK105710001-1",
        "DT_ABERTURA_CHAMADO":"2024-03-14 05:21:06",
        "TIPO_CHAMADO":"Perfis",
        "MODULO_CHAMADO":"Infra",
        "COMPLEXIDADE":"N1",
        "IS":"MGRK",
        "ANOMES_ABERTURA":"202403"
    },
    {
        "CHAMADO":"TASK105710046-1",
        "DT_ABERTURA_CHAMADO":"2024-03-14 10:55:47",
        "TIPO_CHAMADO":"Perfis",
        "MODULO_CHAMADO":"Infra",
        "COMPLEXIDADE":"N1",
        "IS":"JOJC",
        "ANOMES_ABERTURA":"202403"
    },
    {
        "CHAMADO":"TASK105710741-1",
        "DT_ABERTURA_CHAMADO":"2024-03-15 05:40:42",
        "TIPO_CHAMADO":"Perfis",
        "MODULO_CHAMADO":"Infra",
        "COMPLEXIDADE":"N1",
        "IS":"MIDS",
        "ANOMES_ABERTURA":"202403"
    },
    {
        "CHAMADO":"TASK105711481-1",
        "DT_ABERTURA_CHAMADO":"2024-03-15 13:55:22",
        "TIPO_CHAMADO":"Perfis",
        "MODULO_CHAMADO":"Infra",
        "COMPLEXIDADE":"N1",
        "IS":"GRIA",
        "ANOMES_ABERTURA":"202403"
    },
    {
        "CHAMADO":"TASK105711486-1",
        "DT_ABERTURA_CHAMADO":"2024-03-15 13:59:56",
        "TIPO_CHAMADO":"Perfis",
        "MODULO_CHAMADO":"Infra",
        "COMPLEXIDADE":"N1",
        "IS":"FANT",
        "ANOMES_ABERTURA":"202403"
    },
    {
        "CHAMADO":"TASK105715003-1",
        "DT_ABERTURA_CHAMADO":"2024-03-20 07:53:44",
        "TIPO_CHAMADO":"Perfis",
        "MODULO_CHAMADO":"Infra",
        "COMPLEXIDADE":"N1",
        "IS":"WJMS",
        "ANOMES_ABERTURA":"202403"
    },
    {
        "CHAMADO":"TASK105715005-1",
        "DT_ABERTURA_CHAMADO":"2024-03-20 08:26:43",
        "TIPO_CHAMADO":"Perfis",
        "MODULO_CHAMADO":"Infra",
        "COMPLEXIDADE":"N1",
        "IS":"ESCM",
        "ANOMES_ABERTURA":"202403"
    },
    {
        "CHAMADO":"TASK105715006-1",
        "DT_ABERTURA_CHAMADO":"2024-03-20 08:29:46",
        "TIPO_CHAMADO":"Perfis",
        "MODULO_CHAMADO":"Infra",
        "COMPLEXIDADE":"N1",
        "IS":"MGRK",
        "ANOMES_ABERTURA":"202403"
    },
    {
        "CHAMADO":"TASK105716497-1",
        "DT_ABERTURA_CHAMADO":"2024-03-21 05:12:24",
        "TIPO_CHAMADO":"Perfis",
        "MODULO_CHAMADO":"Infra",
        "COMPLEXIDADE":"N1",
        "IS":"JOJC",
        "ANOMES_ABERTURA":"202403"
    },
    {
        "CHAMADO":"TASK105716507-1",
        "DT_ABERTURA_CHAMADO":"2024-03-21 08:43:04",
        "TIPO_CHAMADO":"Perfis",
        "MODULO_CHAMADO":"Infra",
        "COMPLEXIDADE":"N1",
        "IS":"MIDS",
        "ANOMES_ABERTURA":"202403"
    },
    {
        "CHAMADO":"TASK105717916-1",
        "DT_ABERTURA_CHAMADO":"2024-03-22 06:56:27",
        "TIPO_CHAMADO":"Perfis",
        "MODULO_CHAMADO":"Infra",
        "COMPLEXIDADE":"N1",
        "IS":"GRIA",
        "ANOMES_ABERTURA":"202403"
    },
    {
        "CHAMADO":"TASK105721870-1",
        "DT_ABERTURA_CHAMADO":"2024-03-26 05:35:12",
        "TIPO_CHAMADO":"Perfis",
        "MODULO_CHAMADO":"Infra",
        "COMPLEXIDADE":"N1",
        "IS":"FANT",
        "ANOMES_ABERTURA":"202403"
    },
    {
        "CHAMADO":"TASK105721874-1",
        "DT_ABERTURA_CHAMADO":"2024-03-26 07:04:51",
        "TIPO_CHAMADO":"Perfis",
        "MODULO_CHAMADO":"Infra",
        "COMPLEXIDADE":"N1",
        "IS":"WJMS",
        "ANOMES_ABERTURA":"202403"
    },
    {
        "CHAMADO":"TASK105722942-1",
        "DT_ABERTURA_CHAMADO":"2024-03-27 08:46:03",
        "TIPO_CHAMADO":"Perfis",
        "MODULO_CHAMADO":"Infra",
        "COMPLEXIDADE":"N1",
        "IS":"ESCM",
        "ANOMES_ABERTURA":"202403"
    },
    {
        "CHAMADO":"TASK105722946-1",
        "DT_ABERTURA_CHAMADO":"2024-03-27 09:05:49",
        "TIPO_CHAMADO":"Perfis",
        "MODULO_CHAMADO":"Infra",
        "COMPLEXIDADE":"N1",
        "IS":"MGRK",
        "ANOMES_ABERTURA":"202403"
    },
    {
        "CHAMADO":"TASK105722954-1",
        "DT_ABERTURA_CHAMADO":"2024-03-27 11:49:34",
        "TIPO_CHAMADO":"Perfis",
        "MODULO_CHAMADO":"Infra",
        "COMPLEXIDADE":"N1",
        "IS":"JOJC",
        "ANOMES_ABERTURA":"202403"
    },
    {
        "CHAMADO":"TASK105721383-1",
        "DT_ABERTURA_CHAMADO":"2024-03-25 12:09:02",
        "TIPO_CHAMADO":"Perfis",
        "MODULO_CHAMADO":"Infra",
        "COMPLEXIDADE":"N1",
        "IS":"GRIA",
        "ANOMES_ABERTURA":"202403"
    },
    {
        "CHAMADO":"TASK105677063-1",
        "DT_ABERTURA_CHAMADO":"2024-02-15 07:31:30",
        "TIPO_CHAMADO":"Projetos",
        "MODULO_CHAMADO":"BI",
        "COMPLEXIDADE":"N2",
        "IS":"FSIM",
        "ANOMES_ABERTURA":"202402"
    },
    {
        "CHAMADO":"TASK105597715-1",
        "DT_ABERTURA_CHAMADO":"2023-11-27 09:36:07",
        "TIPO_CHAMADO":"Projetos",
        "MODULO_CHAMADO":"Custos",
        "COMPLEXIDADE":"N3",
        "IS":"T3CIBM",
        "ANOMES_ABERTURA":"202311"
    },
    {
        "CHAMADO":"TASK105485128-1",
        "DT_ABERTURA_CHAMADO":"2023-08-15 14:46:45",
        "TIPO_CHAMADO":"Projetos",
        "MODULO_CHAMADO":"Custos",
        "COMPLEXIDADE":"N3",
        "IS":"T3CIBM",
        "ANOMES_ABERTURA":"202308"
    },
    {
        "CHAMADO":"TASK105466937-1",
        "DT_ABERTURA_CHAMADO":"2023-07-28 06:50:55",
        "TIPO_CHAMADO":"Projetos",
        "MODULO_CHAMADO":"Financeiro",
        "COMPLEXIDADE":"N3",
        "IS":"JVM6",
        "ANOMES_ABERTURA":"202307"
    },
    {
        "CHAMADO":"TASK105668048-1",
        "DT_ABERTURA_CHAMADO":"2024-02-06 13:14:16",
        "TIPO_CHAMADO":"Projetos",
        "MODULO_CHAMADO":"Fiscal",
        "COMPLEXIDADE":"N3",
        "IS":"SVAS",
        "ANOMES_ABERTURA":"202402"
    },
    {
        "CHAMADO":"TASK105067527-1",
        "DT_ABERTURA_CHAMADO":"2022-09-15 11:57:31",
        "TIPO_CHAMADO":"Projetos",
        "MODULO_CHAMADO":"Infra",
        "COMPLEXIDADE":"N2",
        "IS":"MIDS",
        "ANOMES_ABERTURA":"202209"
    },
    {
        "CHAMADO":"TASK105684378-1",
        "DT_ABERTURA_CHAMADO":"2024-02-22 05:27:47",
        "TIPO_CHAMADO":"Projetos",
        "MODULO_CHAMADO":"Vendas",
        "COMPLEXIDADE":"N2",
        "IS":"SMMT",
        "ANOMES_ABERTURA":"202402"
    },
    {
        "CHAMADO":"TASK105709813-1",
        "DT_ABERTURA_CHAMADO":"2024-03-14 09:48:05",
        "TIPO_CHAMADO":"Projetos",
        "MODULO_CHAMADO":"Vendas",
        "COMPLEXIDADE":"N2",
        "IS":"PMSN",
        "ANOMES_ABERTURA":"202403"
    },
    {
        "CHAMADO":"TASK105630724-1",
        "DT_ABERTURA_CHAMADO":"2023-12-26 05:31:52",
        "TIPO_CHAMADO":"Suporte",
        "MODULO_CHAMADO":"BI",
        "COMPLEXIDADE":"N1",
        "IS":"LFED2",
        "ANOMES_ABERTURA":"202312"
    },
    {
        "CHAMADO":"TASK105722959-1",
        "DT_ABERTURA_CHAMADO":"2024-03-27 12:32:41",
        "TIPO_CHAMADO":"Suporte",
        "MODULO_CHAMADO":"BI",
        "COMPLEXIDADE":"N1",
        "IS":"WPDM",
        "ANOMES_ABERTURA":"202403"
    },
    {
        "CHAMADO":"TASK105669846-1",
        "DT_ABERTURA_CHAMADO":"2024-02-08 05:19:05",
        "TIPO_CHAMADO":"Suporte",
        "MODULO_CHAMADO":"Compras",
        "COMPLEXIDADE":"N1",
        "IS":"JDEF",
        "ANOMES_ABERTURA":"202402"
    },
    {
        "CHAMADO":"TASK105712924-1",
        "DT_ABERTURA_CHAMADO":"2024-03-18 12:17:41",
        "TIPO_CHAMADO":"Suporte",
        "MODULO_CHAMADO":"Compras",
        "COMPLEXIDADE":"N1",
        "IS":"JAMJ",
        "ANOMES_ABERTURA":"202403"
    },
    {
        "CHAMADO":"TASK105721876-1",
        "DT_ABERTURA_CHAMADO":"2024-03-26 07:34:56",
        "TIPO_CHAMADO":"Suporte",
        "MODULO_CHAMADO":"Compras",
        "COMPLEXIDADE":"N1",
        "IS":"RTEC",
        "ANOMES_ABERTURA":"202403"
    },
    {
        "CHAMADO":"TASK105475905-1",
        "DT_ABERTURA_CHAMADO":"2023-08-08 05:56:43",
        "TIPO_CHAMADO":"Suporte",
        "MODULO_CHAMADO":"Compras",
        "COMPLEXIDADE":"N1",
        "IS":"T3JFBD",
        "ANOMES_ABERTURA":"202308"
    },
    {
        "CHAMADO":"TASK105583695-1",
        "DT_ABERTURA_CHAMADO":"2023-11-14 09:23:31",
        "TIPO_CHAMADO":"Suporte",
        "MODULO_CHAMADO":"Compras",
        "COMPLEXIDADE":"N1",
        "IS":"BMIR",
        "ANOMES_ABERTURA":"202311"
    },
    {
        "CHAMADO":"TASK105704429-1",
        "DT_ABERTURA_CHAMADO":"2024-03-12 05:26:06",
        "TIPO_CHAMADO":"Suporte",
        "MODULO_CHAMADO":"Compras",
        "COMPLEXIDADE":"N1",
        "IS":"VLU",
        "ANOMES_ABERTURA":"202403"
    },
    {
        "CHAMADO":"TASK105605033-1",
        "DT_ABERTURA_CHAMADO":"2023-11-30 14:16:10",
        "TIPO_CHAMADO":"Suporte",
        "MODULO_CHAMADO":"Compras",
        "COMPLEXIDADE":"N1",
        "IS":"DDAS",
        "ANOMES_ABERTURA":"202311"
    },
    {
        "CHAMADO":"TASK105682493-1",
        "DT_ABERTURA_CHAMADO":"2024-02-20 13:55:26",
        "TIPO_CHAMADO":"Suporte",
        "MODULO_CHAMADO":"Compras",
        "COMPLEXIDADE":"N1",
        "IS":"JDEF",
        "ANOMES_ABERTURA":"202402"
    },
    {
        "CHAMADO":"TASK105723076-1",
        "DT_ABERTURA_CHAMADO":"2024-03-27 15:00:58",
        "TIPO_CHAMADO":"Suporte",
        "MODULO_CHAMADO":"Compras",
        "COMPLEXIDADE":"N3",
        "IS":"JAMJ",
        "ANOMES_ABERTURA":"202403"
    },
    {
        "CHAMADO":"TASK105634348-1",
        "DT_ABERTURA_CHAMADO":"2024-01-02 05:23:21",
        "TIPO_CHAMADO":"Suporte",
        "MODULO_CHAMADO":"Compras",
        "COMPLEXIDADE":"N1",
        "IS":"RTEC",
        "ANOMES_ABERTURA":"202401"
    },
    {
        "CHAMADO":"TASK105646601-1",
        "DT_ABERTURA_CHAMADO":"2024-01-17 08:51:20",
        "TIPO_CHAMADO":"Suporte",
        "MODULO_CHAMADO":"Compras",
        "COMPLEXIDADE":"N1",
        "IS":"T3JFBD",
        "ANOMES_ABERTURA":"202401"
    },
    {
        "CHAMADO":"TASK105663853-1",
        "DT_ABERTURA_CHAMADO":"2024-02-01 05:28:55",
        "TIPO_CHAMADO":"Suporte",
        "MODULO_CHAMADO":"Compras",
        "COMPLEXIDADE":"N1",
        "IS":"JMAP3",
        "ANOMES_ABERTURA":"202402"
    },
    {
        "CHAMADO":"TASK105664073-1",
        "DT_ABERTURA_CHAMADO":"2024-02-01 06:47:46",
        "TIPO_CHAMADO":"Suporte",
        "MODULO_CHAMADO":"Compras",
        "COMPLEXIDADE":"N1",
        "IS":"BMIR",
        "ANOMES_ABERTURA":"202402"
    },
    {
        "CHAMADO":"TASK105668049-1",
        "DT_ABERTURA_CHAMADO":"2024-02-06 13:18:45",
        "TIPO_CHAMADO":"Suporte",
        "MODULO_CHAMADO":"Compras",
        "COMPLEXIDADE":"N1",
        "IS":"RKEN",
        "ANOMES_ABERTURA":"202402"
    },
    {
        "CHAMADO":"TASK105682492-1",
        "DT_ABERTURA_CHAMADO":"2024-02-20 13:49:52",
        "TIPO_CHAMADO":"Suporte",
        "MODULO_CHAMADO":"Compras",
        "COMPLEXIDADE":"N1",
        "IS":"VLU",
        "ANOMES_ABERTURA":"202402"
    },
    {
        "CHAMADO":"TASK105716516-1",
        "DT_ABERTURA_CHAMADO":"2024-03-21 10:38:45",
        "TIPO_CHAMADO":"Suporte",
        "MODULO_CHAMADO":"Compras",
        "COMPLEXIDADE":"N3",
        "IS":"LGOM2",
        "ANOMES_ABERTURA":"202403"
    },
    {
        "CHAMADO":"TASK105466936-1",
        "DT_ABERTURA_CHAMADO":"2023-07-28 06:14:19",
        "TIPO_CHAMADO":"Suporte",
        "MODULO_CHAMADO":"Compras",
        "COMPLEXIDADE":"N1",
        "IS":"RBR1",
        "ANOMES_ABERTURA":"202307"
    },
    {
        "CHAMADO":"TASK105670130-1",
        "DT_ABERTURA_CHAMADO":"2024-02-08 11:58:43",
        "TIPO_CHAMADO":"Suporte",
        "MODULO_CHAMADO":"Custos",
        "COMPLEXIDADE":"N3",
        "IS":"MES1",
        "ANOMES_ABERTURA":"202402"
    },
    {
        "CHAMADO":"TASK105659172-1",
        "DT_ABERTURA_CHAMADO":"2024-01-29 10:07:59",
        "TIPO_CHAMADO":"Suporte",
        "MODULO_CHAMADO":"Custos",
        "COMPLEXIDADE":"N3",
        "IS":"MES1",
        "ANOMES_ABERTURA":"202401"
    },
    {
        "CHAMADO":"TASK105609100-1",
        "DT_ABERTURA_CHAMADO":"2023-12-04 13:26:45",
        "TIPO_CHAMADO":"Suporte",
        "MODULO_CHAMADO":"Custos",
        "COMPLEXIDADE":"N3",
        "IS":"T3CIBM",
        "ANOMES_ABERTURA":"202312"
    },
    {
        "CHAMADO":"TASK105653182-1",
        "DT_ABERTURA_CHAMADO":"2024-01-24 07:39:16",
        "TIPO_CHAMADO":"Suporte",
        "MODULO_CHAMADO":"Dep\u00f3sito",
        "COMPLEXIDADE":"N1",
        "IS":"T3JSM6",
        "ANOMES_ABERTURA":"202401"
    },
    {
        "CHAMADO":"TASK105642738-1",
        "DT_ABERTURA_CHAMADO":"2024-01-12 13:40:02",
        "TIPO_CHAMADO":"Suporte",
        "MODULO_CHAMADO":"Dep\u00f3sito",
        "COMPLEXIDADE":"N1",
        "IS":"T3JSM6",
        "ANOMES_ABERTURA":"202401"
    },
    {
        "CHAMADO":"TASK105721839-1",
        "DT_ABERTURA_CHAMADO":"2024-03-26 07:07:31",
        "TIPO_CHAMADO":"Suporte",
        "MODULO_CHAMADO":"Dep\u00f3sito",
        "COMPLEXIDADE":"N1",
        "IS":"T3JSM6",
        "ANOMES_ABERTURA":"202403"
    },
    {
        "CHAMADO":"TASK105614218-1",
        "DT_ABERTURA_CHAMADO":"2023-12-11 08:59:42",
        "TIPO_CHAMADO":"Suporte",
        "MODULO_CHAMADO":"Financeiro",
        "COMPLEXIDADE":"N1",
        "IS":"MAPC5",
        "ANOMES_ABERTURA":"202312"
    },
    {
        "CHAMADO":"TASK105700511-1",
        "DT_ABERTURA_CHAMADO":"2024-03-08 14:15:06",
        "TIPO_CHAMADO":"Suporte",
        "MODULO_CHAMADO":"Financeiro",
        "COMPLEXIDADE":"N1",
        "IS":"GROD1",
        "ANOMES_ABERTURA":"202403"
    },
    {
        "CHAMADO":"TASK105715007-1",
        "DT_ABERTURA_CHAMADO":"2024-03-20 08:33:15",
        "TIPO_CHAMADO":"Suporte",
        "MODULO_CHAMADO":"Financeiro",
        "COMPLEXIDADE":"N1",
        "IS":"CJDA",
        "ANOMES_ABERTURA":"202403"
    },
    {
        "CHAMADO":"TASK105650127-1",
        "DT_ABERTURA_CHAMADO":"2024-01-22 08:24:08",
        "TIPO_CHAMADO":"Suporte",
        "MODULO_CHAMADO":"Financeiro",
        "COMPLEXIDADE":"N1",
        "IS":"MDSC",
        "ANOMES_ABERTURA":"202401"
    },
    {
        "CHAMADO":"TASK105664088-1",
        "DT_ABERTURA_CHAMADO":"2024-02-01 08:44:46",
        "TIPO_CHAMADO":"Suporte",
        "MODULO_CHAMADO":"Financeiro",
        "COMPLEXIDADE":"N1",
        "IS":"PMSC",
        "ANOMES_ABERTURA":"202402"
    },
    {
        "CHAMADO":"TASK105632395-1",
        "DT_ABERTURA_CHAMADO":"2023-12-27 12:11:52",
        "TIPO_CHAMADO":"Suporte",
        "MODULO_CHAMADO":"Financeiro",
        "COMPLEXIDADE":"N1",
        "IS":"JNIS",
        "ANOMES_ABERTURA":"202312"
    },
    {
        "CHAMADO":"TASK105665887-1",
        "DT_ABERTURA_CHAMADO":"2024-02-02 12:52:53",
        "TIPO_CHAMADO":"Suporte",
        "MODULO_CHAMADO":"Financeiro",
        "COMPLEXIDADE":"N1",
        "IS":"EDSR",
        "ANOMES_ABERTURA":"202402"
    },
    {
        "CHAMADO":"TASK105713388-1",
        "DT_ABERTURA_CHAMADO":"2024-03-19 06:57:30",
        "TIPO_CHAMADO":"Suporte",
        "MODULO_CHAMADO":"Financeiro",
        "COMPLEXIDADE":"N1",
        "IS":"RRLV",
        "ANOMES_ABERTURA":"202403"
    },
    {
        "CHAMADO":"TASK105665511-1",
        "DT_ABERTURA_CHAMADO":"2024-02-02 09:10:58",
        "TIPO_CHAMADO":"Suporte",
        "MODULO_CHAMADO":"Financeiro",
        "COMPLEXIDADE":"N1",
        "IS":"JVM6",
        "ANOMES_ABERTURA":"202402"
    },
    {
        "CHAMADO":"TASK105677112-1",
        "DT_ABERTURA_CHAMADO":"2024-02-15 11:00:33",
        "TIPO_CHAMADO":"Suporte",
        "MODULO_CHAMADO":"Financeiro",
        "COMPLEXIDADE":"N1",
        "IS":"RDRB",
        "ANOMES_ABERTURA":"202402"
    },
    {
        "CHAMADO":"TASK105678008-1",
        "DT_ABERTURA_CHAMADO":"2024-02-16 05:27:10",
        "TIPO_CHAMADO":"Suporte",
        "MODULO_CHAMADO":"Financeiro",
        "COMPLEXIDADE":"N2",
        "IS":"MAPC5",
        "ANOMES_ABERTURA":"202402"
    },
    {
        "CHAMADO":"TASK105693075-1",
        "DT_ABERTURA_CHAMADO":"2024-02-28 11:56:10",
        "TIPO_CHAMADO":"Suporte",
        "MODULO_CHAMADO":"Financeiro",
        "COMPLEXIDADE":"N1",
        "IS":"GROD1",
        "ANOMES_ABERTURA":"202402"
    },
    {
        "CHAMADO":"TASK105693549-1",
        "DT_ABERTURA_CHAMADO":"2024-02-29 07:07:25",
        "TIPO_CHAMADO":"Suporte",
        "MODULO_CHAMADO":"Financeiro",
        "COMPLEXIDADE":"N1",
        "IS":"MTTA",
        "ANOMES_ABERTURA":"202402"
    },
    {
        "CHAMADO":"TASK105693696-1",
        "DT_ABERTURA_CHAMADO":"2024-02-29 11:03:05",
        "TIPO_CHAMADO":"Suporte",
        "MODULO_CHAMADO":"Financeiro",
        "COMPLEXIDADE":"N1",
        "IS":"CJDA",
        "ANOMES_ABERTURA":"202402"
    },
    {
        "CHAMADO":"TASK105709999-1",
        "DT_ABERTURA_CHAMADO":"2024-03-14 05:12:57",
        "TIPO_CHAMADO":"Suporte",
        "MODULO_CHAMADO":"Financeiro",
        "COMPLEXIDADE":"N1",
        "IS":"MDSC",
        "ANOMES_ABERTURA":"202403"
    },
    {
        "CHAMADO":"TASK105721875-1",
        "DT_ABERTURA_CHAMADO":"2024-03-26 07:30:50",
        "TIPO_CHAMADO":"Suporte",
        "MODULO_CHAMADO":"Financeiro",
        "COMPLEXIDADE":"N1",
        "IS":"CRSI",
        "ANOMES_ABERTURA":"202403"
    },
    {
        "CHAMADO":"TASK105540192-1",
        "DT_ABERTURA_CHAMADO":"2023-10-02 10:09:52",
        "TIPO_CHAMADO":"Suporte",
        "MODULO_CHAMADO":"Financeiro",
        "COMPLEXIDADE":"N3",
        "IS":"PMSC",
        "ANOMES_ABERTURA":"202310"
    },
    {
        "CHAMADO":"TASK105665848-1",
        "DT_ABERTURA_CHAMADO":"2024-02-02 11:31:02",
        "TIPO_CHAMADO":"Suporte",
        "MODULO_CHAMADO":"Financeiro",
        "COMPLEXIDADE":"N1",
        "IS":"T3ASC4",
        "ANOMES_ABERTURA":"202402"
    },
    {
        "CHAMADO":"TASK105666435-1",
        "DT_ABERTURA_CHAMADO":"2024-02-05 08:38:57",
        "TIPO_CHAMADO":"Suporte",
        "MODULO_CHAMADO":"Financeiro",
        "COMPLEXIDADE":"N1",
        "IS":"JNIS",
        "ANOMES_ABERTURA":"202402"
    },
    {
        "CHAMADO":"TASK105710789-1",
        "DT_ABERTURA_CHAMADO":"2024-03-15 06:14:13",
        "TIPO_CHAMADO":"Suporte",
        "MODULO_CHAMADO":"Financeiro",
        "COMPLEXIDADE":"N1",
        "IS":"MTTA",
        "ANOMES_ABERTURA":"202403"
    },
    {
        "CHAMADO":"TASK105697138-1",
        "DT_ABERTURA_CHAMADO":"2024-03-05 07:35:18",
        "TIPO_CHAMADO":"Suporte",
        "MODULO_CHAMADO":"Financeiro",
        "COMPLEXIDADE":"N1",
        "IS":"CJDA",
        "ANOMES_ABERTURA":"202403"
    },
    {
        "CHAMADO":"TASK105650974-1",
        "DT_ABERTURA_CHAMADO":"2024-01-22 12:30:47",
        "TIPO_CHAMADO":"Suporte",
        "MODULO_CHAMADO":"Fiscal",
        "COMPLEXIDADE":"N1",
        "IS":"T3TLGR",
        "ANOMES_ABERTURA":"202401"
    },
    {
        "CHAMADO":"TASK105670238-1",
        "DT_ABERTURA_CHAMADO":"2024-02-08 13:51:04",
        "TIPO_CHAMADO":"Suporte",
        "MODULO_CHAMADO":"Fiscal",
        "COMPLEXIDADE":"N1",
        "IS":"T3TLGR",
        "ANOMES_ABERTURA":"202402"
    },
    {
        "CHAMADO":"TASK105682494-1",
        "DT_ABERTURA_CHAMADO":"2024-02-20 13:58:43",
        "TIPO_CHAMADO":"Suporte",
        "MODULO_CHAMADO":"Fiscal",
        "COMPLEXIDADE":"N1",
        "IS":"SVAS",
        "ANOMES_ABERTURA":"202402"
    },
    {
        "CHAMADO":"TASK105724950-1",
        "DT_ABERTURA_CHAMADO":"2024-04-01 11:46:55",
        "TIPO_CHAMADO":"Suporte",
        "MODULO_CHAMADO":"Fiscal",
        "COMPLEXIDADE":"N1",
        "IS":"T3TLGR",
        "ANOMES_ABERTURA":"202404"
    },
    {
        "CHAMADO":"TASK105693550-1",
        "DT_ABERTURA_CHAMADO":"2024-02-29 07:14:02",
        "TIPO_CHAMADO":"Suporte",
        "MODULO_CHAMADO":"Infra",
        "COMPLEXIDADE":"N1",
        "IS":"MIDS",
        "ANOMES_ABERTURA":"202402"
    },
    {
        "CHAMADO":"TASK105637890-1",
        "DT_ABERTURA_CHAMADO":"2024-01-08 08:58:52",
        "TIPO_CHAMADO":"Suporte",
        "MODULO_CHAMADO":"Infra",
        "COMPLEXIDADE":"N1",
        "IS":"WJMS",
        "ANOMES_ABERTURA":"202401"
    },
    {
        "CHAMADO":"TASK105643930-1",
        "DT_ABERTURA_CHAMADO":"2024-01-15 05:29:23",
        "TIPO_CHAMADO":"Suporte",
        "MODULO_CHAMADO":"Infra",
        "COMPLEXIDADE":"N1",
        "IS":"ESCM",
        "ANOMES_ABERTURA":"202401"
    },
    {
        "CHAMADO":"TASK105650126-1",
        "DT_ABERTURA_CHAMADO":"2024-01-22 08:20:45",
        "TIPO_CHAMADO":"Suporte",
        "MODULO_CHAMADO":"Infra",
        "COMPLEXIDADE":"N1",
        "IS":"MGRK",
        "ANOMES_ABERTURA":"202401"
    },
    {
        "CHAMADO":"TASK105650981-1",
        "DT_ABERTURA_CHAMADO":"2024-01-22 13:24:05",
        "TIPO_CHAMADO":"Suporte",
        "MODULO_CHAMADO":"Infra",
        "COMPLEXIDADE":"N1",
        "IS":"JOJC",
        "ANOMES_ABERTURA":"202401"
    },
    {
        "CHAMADO":"TASK105656307-1",
        "DT_ABERTURA_CHAMADO":"2024-01-26 06:09:42",
        "TIPO_CHAMADO":"Suporte",
        "MODULO_CHAMADO":"Infra",
        "COMPLEXIDADE":"N1",
        "IS":"MIDS",
        "ANOMES_ABERTURA":"202401"
    },
    {
        "CHAMADO":"TASK105665502-1",
        "DT_ABERTURA_CHAMADO":"2024-02-02 08:06:05",
        "TIPO_CHAMADO":"Suporte",
        "MODULO_CHAMADO":"Infra",
        "COMPLEXIDADE":"N1",
        "IS":"FANT",
        "ANOMES_ABERTURA":"202402"
    },
    {
        "CHAMADO":"TASK105710005-1",
        "DT_ABERTURA_CHAMADO":"2024-03-14 06:15:38",
        "TIPO_CHAMADO":"Suporte",
        "MODULO_CHAMADO":"Infra",
        "COMPLEXIDADE":"N1",
        "IS":"GRIA",
        "ANOMES_ABERTURA":"202403"
    },
    {
        "CHAMADO":"TASK105678007-1",
        "DT_ABERTURA_CHAMADO":"2024-02-16 05:19:14",
        "TIPO_CHAMADO":"Suporte",
        "MODULO_CHAMADO":"Infra",
        "COMPLEXIDADE":"N1",
        "IS":"ESCM",
        "ANOMES_ABERTURA":"202402"
    },
    {
        "CHAMADO":"TASK105635449-1",
        "DT_ABERTURA_CHAMADO":"2024-01-03 11:16:59",
        "TIPO_CHAMADO":"Suporte",
        "MODULO_CHAMADO":"Manuten\u00e7\u00e3o",
        "COMPLEXIDADE":"N1",
        "IS":"ESCM",
        "ANOMES_ABERTURA":"202401"
    },
    {
        "CHAMADO":"TASK105641491-1",
        "DT_ABERTURA_CHAMADO":"2024-01-11 13:48:22",
        "TIPO_CHAMADO":"Suporte",
        "MODULO_CHAMADO":"Produ\u00e7\u00e3o",
        "COMPLEXIDADE":"N1",
        "IS":"T3LSC2",
        "ANOMES_ABERTURA":"202401"
    },
    {
        "CHAMADO":"TASK105712585-1",
        "DT_ABERTURA_CHAMADO":"2024-03-18 07:45:04",
        "TIPO_CHAMADO":"Suporte",
        "MODULO_CHAMADO":"Qualidade",
        "COMPLEXIDADE":"N1",
        "IS":"OTMD",
        "ANOMES_ABERTURA":"202403"
    },
    {
        "CHAMADO":"TASK105669967-1",
        "DT_ABERTURA_CHAMADO":"2024-02-08 06:31:11",
        "TIPO_CHAMADO":"Suporte",
        "MODULO_CHAMADO":"Qualidade",
        "COMPLEXIDADE":"N1",
        "IS":"TSIA",
        "ANOMES_ABERTURA":"202402"
    },
    {
        "CHAMADO":"TASK105635923-1",
        "DT_ABERTURA_CHAMADO":"2024-01-04 10:21:55",
        "TIPO_CHAMADO":"Suporte",
        "MODULO_CHAMADO":"Vendas",
        "COMPLEXIDADE":"N1",
        "IS":"LAS",
        "ANOMES_ABERTURA":"202401"
    },
    {
        "CHAMADO":"TASK105635911-1",
        "DT_ABERTURA_CHAMADO":"2024-01-04 08:40:50",
        "TIPO_CHAMADO":"Suporte",
        "MODULO_CHAMADO":"Vendas",
        "COMPLEXIDADE":"N1",
        "IS":"JVF",
        "ANOMES_ABERTURA":"202401"
    },
    {
        "CHAMADO":"TASK105635913-1",
        "DT_ABERTURA_CHAMADO":"2024-01-04 08:51:30",
        "TIPO_CHAMADO":"Suporte",
        "MODULO_CHAMADO":"Vendas",
        "COMPLEXIDADE":"N1",
        "IS":"PCSF",
        "ANOMES_ABERTURA":"202401"
    },
    {
        "CHAMADO":"TASK105660175-1",
        "DT_ABERTURA_CHAMADO":"2024-01-29 12:28:40",
        "TIPO_CHAMADO":"Suporte",
        "MODULO_CHAMADO":"Vendas",
        "COMPLEXIDADE":"N1",
        "IS":"AZBU",
        "ANOMES_ABERTURA":"202401"
    },
    {
        "CHAMADO":"TASK105636918-1",
        "DT_ABERTURA_CHAMADO":"2024-01-05 12:05:50",
        "TIPO_CHAMADO":"Suporte",
        "MODULO_CHAMADO":"Vendas",
        "COMPLEXIDADE":"N1",
        "IS":"LFRO1",
        "ANOMES_ABERTURA":"202401"
    },
    {
        "CHAMADO":"TASK105625222-1",
        "DT_ABERTURA_CHAMADO":"2023-12-19 10:58:08",
        "TIPO_CHAMADO":"Suporte",
        "MODULO_CHAMADO":"Vendas",
        "COMPLEXIDADE":"N1",
        "IS":"ARDA2",
        "ANOMES_ABERTURA":"202312"
    },
    {
        "CHAMADO":"TASK105658949-1",
        "DT_ABERTURA_CHAMADO":"2024-01-29 05:09:43",
        "TIPO_CHAMADO":"Transporte",
        "MODULO_CHAMADO":"Infra",
        "COMPLEXIDADE":"N2",
        "IS":"GRIA",
        "ANOMES_ABERTURA":"202401"
    },
    {
        "CHAMADO":"TASK105676270-1",
        "DT_ABERTURA_CHAMADO":"2024-02-14 12:02:58",
        "TIPO_CHAMADO":"Transporte",
        "MODULO_CHAMADO":"Infra",
        "COMPLEXIDADE":"N2",
        "IS":"ESCM",
        "ANOMES_ABERTURA":"202402"
    },
    {
        "CHAMADO":"TASK105690615-1",
        "DT_ABERTURA_CHAMADO":"2024-02-26 05:49:46",
        "TIPO_CHAMADO":"Transporte",
        "MODULO_CHAMADO":"Infra",
        "COMPLEXIDADE":"N2",
        "IS":"MGRK",
        "ANOMES_ABERTURA":"202402"
    },
    {
        "CHAMADO":"TASK105692273-1",
        "DT_ABERTURA_CHAMADO":"2024-02-27 07:50:00",
        "TIPO_CHAMADO":"Transporte",
        "MODULO_CHAMADO":"Infra",
        "COMPLEXIDADE":"N2",
        "IS":"JOJC",
        "ANOMES_ABERTURA":"202402"
    },
    {
        "CHAMADO":"TASK105692495-1",
        "DT_ABERTURA_CHAMADO":"2024-02-27 12:36:11",
        "TIPO_CHAMADO":"Transporte",
        "MODULO_CHAMADO":"Infra",
        "COMPLEXIDADE":"N2",
        "IS":"MIDS",
        "ANOMES_ABERTURA":"202402"
    },
    {
        "CHAMADO":"TASK105693388-1",
        "DT_ABERTURA_CHAMADO":"2024-02-29 09:00:14",
        "TIPO_CHAMADO":"Transporte",
        "MODULO_CHAMADO":"Infra",
        "COMPLEXIDADE":"N2",
        "IS":"GRIA",
        "ANOMES_ABERTURA":"202402"
    },
    {
        "CHAMADO":"TASK105701354-1",
        "DT_ABERTURA_CHAMADO":"2024-03-11 07:47:16",
        "TIPO_CHAMADO":"Transporte",
        "MODULO_CHAMADO":"Infra",
        "COMPLEXIDADE":"N2",
        "IS":"FANT",
        "ANOMES_ABERTURA":"202403"
    },
    {
        "CHAMADO":"TASK105709508-1",
        "DT_ABERTURA_CHAMADO":"2024-03-13 14:33:41",
        "TIPO_CHAMADO":"Transporte",
        "MODULO_CHAMADO":"Infra",
        "COMPLEXIDADE":"N2",
        "IS":"ESCM",
        "ANOMES_ABERTURA":"202403"
    },
    {
        "CHAMADO":"TASK105710898-1",
        "DT_ABERTURA_CHAMADO":"2024-03-15 10:34:31",
        "TIPO_CHAMADO":"Transporte",
        "MODULO_CHAMADO":"Infra",
        "COMPLEXIDADE":"N2",
        "IS":"MGRK",
        "ANOMES_ABERTURA":"202403"
    },
    {
        "CHAMADO":"TASK105718485-1",
        "DT_ABERTURA_CHAMADO":"2024-03-22 08:26:19",
        "TIPO_CHAMADO":"Transporte",
        "MODULO_CHAMADO":"Infra",
        "COMPLEXIDADE":"N2",
        "IS":"JOJC",
        "ANOMES_ABERTURA":"202403"
    },
    {
        "CHAMADO":"TASK105678246-1",
        "DT_ABERTURA_CHAMADO":"2024-02-16 09:08:55",
        "TIPO_CHAMADO":"Transporte",
        "MODULO_CHAMADO":"Infra",
        "COMPLEXIDADE":"N2",
        "IS":"MGRK",
        "ANOMES_ABERTURA":"202402"
    },
    {
        "CHAMADO":"TASK105680486-1",
        "DT_ABERTURA_CHAMADO":"2024-02-19 05:29:11",
        "TIPO_CHAMADO":"Transporte",
        "MODULO_CHAMADO":"Infra",
        "COMPLEXIDADE":"N2",
        "IS":"MIDS",
        "ANOMES_ABERTURA":"202402"
    }
]