[
    {
        "ANOMES_STATUS":"202401",
        "SENIORIDADE":"Bg",
        "COMPLEXIDADE":"N1",
        "HORAS":2.94,
        "VALOR_AT":15.0
    },
    {
        "ANOMES_STATUS":"202401",
        "SENIORIDADE":"Bg",
        "COMPLEXIDADE":"N2",
        "HORAS":0.42,
        "VALOR_AT":15.0
    },
    {
        "ANOMES_STATUS":"202401",
        "SENIORIDADE":"Bg",
        "COMPLEXIDADE":"N3",
        "HORAS":0.42,
        "VALOR_AT":15.0
    },
    {
        "ANOMES_STATUS":"202401",
        "SENIORIDADE":"Ex",
        "COMPLEXIDADE":"N1",
        "HORAS":4.2,
        "VALOR_AT":80.0009090909
    },
    {
        "ANOMES_STATUS":"202401",
        "SENIORIDADE":"Ex",
        "COMPLEXIDADE":"N3",
        "HORAS":3.2375,
        "VALOR_AT":86.25
    },
    {
        "ANOMES_STATUS":"202401",
        "SENIORIDADE":"Jr",
        "COMPLEXIDADE":"N1",
        "HORAS":2.25,
        "VALOR_AT":25.0
    },
    {
        "ANOMES_STATUS":"202401",
        "SENIORIDADE":"Jr",
        "COMPLEXIDADE":"N2",
        "HORAS":1.4,
        "VALOR_AT":25.0
    },
    {
        "ANOMES_STATUS":"202401",
        "SENIORIDADE":"Jr",
        "COMPLEXIDADE":"N3",
        "HORAS":5.8333333333,
        "VALOR_AT":25.0
    },
    {
        "ANOMES_STATUS":"202401",
        "SENIORIDADE":"Pr",
        "COMPLEXIDADE":"N1",
        "HORAS":3.03625,
        "VALOR_AT":51.25
    },
    {
        "ANOMES_STATUS":"202401",
        "SENIORIDADE":"Pr",
        "COMPLEXIDADE":"N2",
        "HORAS":1.4,
        "VALOR_AT":70.0
    },
    {
        "ANOMES_STATUS":"202401",
        "SENIORIDADE":"Pr",
        "COMPLEXIDADE":"N3",
        "HORAS":5.74,
        "VALOR_AT":46.6675
    },
    {
        "ANOMES_STATUS":"202401",
        "SENIORIDADE":"Sr",
        "COMPLEXIDADE":"N1",
        "HORAS":2.525,
        "VALOR_AT":72.1435714286
    },
    {
        "ANOMES_STATUS":"202401",
        "SENIORIDADE":"Sr",
        "COMPLEXIDADE":"N2",
        "HORAS":4.2,
        "VALOR_AT":75.0
    },
    {
        "ANOMES_STATUS":"202401",
        "SENIORIDADE":"Sr",
        "COMPLEXIDADE":"N3",
        "HORAS":4.4,
        "VALOR_AT":67.8102857143
    },
    {
        "ANOMES_STATUS":"202402",
        "SENIORIDADE":"Bg",
        "COMPLEXIDADE":"N1",
        "HORAS":1.7033333333,
        "VALOR_AT":13.64
    },
    {
        "ANOMES_STATUS":"202402",
        "SENIORIDADE":"Bg",
        "COMPLEXIDADE":"N2",
        "HORAS":0.42,
        "VALOR_AT":13.64
    },
    {
        "ANOMES_STATUS":"202402",
        "SENIORIDADE":"Bg",
        "COMPLEXIDADE":"N3",
        "HORAS":0.42,
        "VALOR_AT":13.64
    },
    {
        "ANOMES_STATUS":"202402",
        "SENIORIDADE":"Ex",
        "COMPLEXIDADE":"N1",
        "HORAS":1.4,
        "VALOR_AT":81.82
    },
    {
        "ANOMES_STATUS":"202402",
        "SENIORIDADE":"Ex",
        "COMPLEXIDADE":"N2",
        "HORAS":3.2666666667,
        "VALOR_AT":81.82
    },
    {
        "ANOMES_STATUS":"202402",
        "SENIORIDADE":"Ex",
        "COMPLEXIDADE":"N3",
        "HORAS":4.9,
        "VALOR_AT":81.82
    },
    {
        "ANOMES_STATUS":"202402",
        "SENIORIDADE":"Jr",
        "COMPLEXIDADE":"N1",
        "HORAS":2.5776470588,
        "VALOR_AT":22.73
    },
    {
        "ANOMES_STATUS":"202402",
        "SENIORIDADE":"Jr",
        "COMPLEXIDADE":"N2",
        "HORAS":1.855,
        "VALOR_AT":22.73
    },
    {
        "ANOMES_STATUS":"202402",
        "SENIORIDADE":"Jr",
        "COMPLEXIDADE":"N3",
        "HORAS":4.6666666667,
        "VALOR_AT":22.73
    },
    {
        "ANOMES_STATUS":"202402",
        "SENIORIDADE":"Pr",
        "COMPLEXIDADE":"N1",
        "HORAS":2.997826087,
        "VALOR_AT":48.8117391304
    },
    {
        "ANOMES_STATUS":"202402",
        "SENIORIDADE":"Pr",
        "COMPLEXIDADE":"N2",
        "HORAS":2.5375,
        "VALOR_AT":43.17875
    },
    {
        "ANOMES_STATUS":"202402",
        "SENIORIDADE":"Pr",
        "COMPLEXIDADE":"N3",
        "HORAS":3.98125,
        "VALOR_AT":47.44125
    },
    {
        "ANOMES_STATUS":"202402",
        "SENIORIDADE":"Sr",
        "COMPLEXIDADE":"N1",
        "HORAS":2.5746875,
        "VALOR_AT":62.21875
    },
    {
        "ANOMES_STATUS":"202402",
        "SENIORIDADE":"Sr",
        "COMPLEXIDADE":"N2",
        "HORAS":4.2,
        "VALOR_AT":59.7442857143
    },
    {
        "ANOMES_STATUS":"202402",
        "SENIORIDADE":"Sr",
        "COMPLEXIDADE":"N3",
        "HORAS":3.7394736842,
        "VALOR_AT":61.0073684211
    },
    {
        "ANOMES_STATUS":"202403",
        "SENIORIDADE":"Bg",
        "COMPLEXIDADE":"N1",
        "HORAS":1.61,
        "VALOR_AT":13.64
    },
    {
        "ANOMES_STATUS":"202403",
        "SENIORIDADE":"Bg",
        "COMPLEXIDADE":"N2",
        "HORAS":0.42,
        "VALOR_AT":13.64
    },
    {
        "ANOMES_STATUS":"202403",
        "SENIORIDADE":"Bg",
        "COMPLEXIDADE":"N3",
        "HORAS":1.54,
        "VALOR_AT":13.64
    },
    {
        "ANOMES_STATUS":"202403",
        "SENIORIDADE":"Ex",
        "COMPLEXIDADE":"N1",
        "HORAS":7.9333333333,
        "VALOR_AT":75.76
    },
    {
        "ANOMES_STATUS":"202403",
        "SENIORIDADE":"Ex",
        "COMPLEXIDADE":"N2",
        "HORAS":5.25,
        "VALOR_AT":77.275
    },
    {
        "ANOMES_STATUS":"202403",
        "SENIORIDADE":"Ex",
        "COMPLEXIDADE":"N3",
        "HORAS":1.4,
        "VALOR_AT":79.5475
    },
    {
        "ANOMES_STATUS":"202403",
        "SENIORIDADE":"Jr",
        "COMPLEXIDADE":"N1",
        "HORAS":1.7577777778,
        "VALOR_AT":22.73
    },
    {
        "ANOMES_STATUS":"202403",
        "SENIORIDADE":"Jr",
        "COMPLEXIDADE":"N2",
        "HORAS":1.484,
        "VALOR_AT":22.73
    },
    {
        "ANOMES_STATUS":"202403",
        "SENIORIDADE":"Jr",
        "COMPLEXIDADE":"N3",
        "HORAS":2.26,
        "VALOR_AT":22.73
    },
    {
        "ANOMES_STATUS":"202403",
        "SENIORIDADE":"Pr",
        "COMPLEXIDADE":"N1",
        "HORAS":2.6384615385,
        "VALOR_AT":44.7523076923
    },
    {
        "ANOMES_STATUS":"202403",
        "SENIORIDADE":"Pr",
        "COMPLEXIDADE":"N2",
        "HORAS":2.6,
        "VALOR_AT":44.1528571429
    },
    {
        "ANOMES_STATUS":"202403",
        "SENIORIDADE":"Pr",
        "COMPLEXIDADE":"N3",
        "HORAS":2.1,
        "VALOR_AT":63.635
    },
    {
        "ANOMES_STATUS":"202403",
        "SENIORIDADE":"Sr",
        "COMPLEXIDADE":"N1",
        "HORAS":2.9244444444,
        "VALOR_AT":65.4072222222
    },
    {
        "ANOMES_STATUS":"202403",
        "SENIORIDADE":"Sr",
        "COMPLEXIDADE":"N2",
        "HORAS":3.7625,
        "VALOR_AT":67.04875
    },
    {
        "ANOMES_STATUS":"202403",
        "SENIORIDADE":"Sr",
        "COMPLEXIDADE":"N3",
        "HORAS":3.101,
        "VALOR_AT":62.2756666667
    }
]